INSERT INTO `team` (`id`,`name`) VALUES (1,'Resourcepool Web');
INSERT INTO `team` (`id`,`name`) VALUES (2,'Resourcepool Core');
INSERT INTO `team` (`id`,`name`) VALUES (3,'Resourcepool DevOps');
INSERT INTO `team` (`id`,`name`) VALUES (4,'Deadlock Web');
INSERT INTO `team` (`id`,`name`) VALUES (5,'Deadlock API');
INSERT INTO `team` (`id`,`name`) VALUES (6,'Deadlock QA');
INSERT INTO `team` (`id`,`name`) VALUES (7,'FireFighters');
INSERT INTO `team` (`id`,`name`) VALUES (8,'Interns');

INSERT INTO `review` (`id`,`description`,`name`,`scheduled_date_time`,`team_id`) VALUES (1,'An long time ago, in a galaxy far, far away.','Star Review', CURDATE() - INTERVAL 1 DAY - INTERVAL 11 HOUR,2);
INSERT INTO `review` (`id`,`description`,`name`,`scheduled_date_time`,`team_id`) VALUES (2,'42nd retrospective of the project','Sprint Retrospective', DATE_ADD(DATE_ADD(DATE_ADD(CURDATE(), INTERVAL 2 DAY), INTERVAL 16 HOUR), INTERVAL 30 MINUTE),2);
INSERT INTO `review` (`id`,`description`,`name`,`scheduled_date_time`,`team_id`) VALUES (3,'4th code review of the training-program','Connection Pool, Transactions', DATE_ADD(DATE_ADD(DATE_ADD(CURDATE(), INTERVAL 3 DAY), INTERVAL 9 HOUR), INTERVAL 30 MINUTE),8);
INSERT INTO `review` (`id`,`description`,`name`,`scheduled_date_time`,`team_id`) VALUES (4,'5th code review of the training-program','ThreadLocal', DATE_ADD(DATE_ADD(DATE_ADD(CURDATE(), INTERVAL 5 DAY), INTERVAL 10 HOUR), INTERVAL 30 MINUTE),8);
INSERT INTO `review` (`id`,`description`,`name`,`scheduled_date_time`,`team_id`) VALUES (5,'Global Architecture, patterns, technical choices','Architecture Review', CURDATE() + INTERVAL 1 DAY + INTERVAL 11 HOUR,2);

INSERT INTO `person` (`id`,`email`,`first_name`,`last_name`) VALUES (1,'loic@jawg.io','Loïc','Ortola');
INSERT INTO `person` (`id`,`email`,`first_name`,`last_name`) VALUES (2,'bendover@resourcepool.io','Ben','Dover');
INSERT INTO `person` (`id`,`email`,`first_name`,`last_name`) VALUES (3,'dixienormous@resourcepool.io','Dixie','Normous');
INSERT INTO `person` (`id`,`email`,`first_name`,`last_name`) VALUES (4,'justinsider@resourcepool.io','Justin','Sider');
INSERT INTO `person` (`id`,`email`,`first_name`,`last_name`) VALUES (5,'mikelitoris@resourcepool.io','Mike','Litoris');
INSERT INTO `person` (`id`,`email`,`first_name`,`last_name`) VALUES (6,'adamsapple@resourcepool.io','Adam','Sapple');
INSERT INTO `person` (`id`,`email`,`first_name`,`last_name`) VALUES (7,'albebak@resourcepool.io','All','Beback');
INSERT INTO `person` (`id`,`email`,`first_name`,`last_name`) VALUES (8,'alextricity@resourcepool.io','Alex','Tricity');
INSERT INTO `person` (`id`,`email`,`first_name`,`last_name`) VALUES (9,'alibye@resourcepool.io','Ali','Bye');
INSERT INTO `person` (`id`,`email`,`first_name`,`last_name`) VALUES (10,'colinseek@resourcepool.io','Colin','Seek');
INSERT INTO `person` (`id`,`email`,`first_name`,`last_name`) VALUES (11,'emmaroids@resourcepool.io','Emma','Roids');
INSERT INTO `person` (`id`,`email`,`first_name`,`last_name`) VALUES (12,'eveolution@resourcepool.io','Eve','Olution');
INSERT INTO `person` (`id`,`email`,`first_name`,`last_name`) VALUES (13,'flotinaway@resourcepool.io','Flo','Tinaway');
INSERT INTO `person` (`id`,`email`,`first_name`,`last_name`) VALUES (14,'felixcited@resourcepool.io','Felix','Cited');
INSERT INTO `person` (`id`,`email`,`first_name`,`last_name`) VALUES (15,'fredalivery@resourcepool.io','Freda','Livery');
INSERT INTO `person` (`id`,`email`,`first_name`,`last_name`) VALUES (16,'frankanstine@resourcepool.io','Frank','Anstine');
INSERT INTO `person` (`id`,`email`,`first_name`,`last_name`) VALUES (17,'harissonfire@resourcepool.io','Harisson','Fire');
INSERT INTO `person` (`id`,`email`,`first_name`,`last_name`) VALUES (18,'leenover@resourcepool.io','Lee','Nover');
INSERT INTO `person` (`id`,`email`,`first_name`,`last_name`) VALUES (19,'lisaneucar@resourcepool.io','Lisa','Neucar');
INSERT INTO `person` (`id`,`email`,`first_name`,`last_name`) VALUES (20,'lizannia@resourcepool.io','Liz','Annia');
INSERT INTO `person` (`id`,`email`,`first_name`,`last_name`) VALUES (21,'lounateek@resourcepool.io','Lou','Nateek');
INSERT INTO `person` (`id`,`email`,`first_name`,`last_name`) VALUES (22,'loupole@resourcepool.io','Lou','Pole');

INSERT INTO `person_team` (`person_id`,`team_id`) VALUES (1,1);
INSERT INTO `person_team` (`person_id`,`team_id`) VALUES (1,2);
INSERT INTO `person_team` (`person_id`,`team_id`) VALUES (1,3);
INSERT INTO `person_team` (`person_id`,`team_id`) VALUES (1,4);
INSERT INTO `person_team` (`person_id`,`team_id`) VALUES (1,5);
INSERT INTO `person_team` (`person_id`,`team_id`) VALUES (2,8);
INSERT INTO `person_team` (`person_id`,`team_id`) VALUES (3,8);
INSERT INTO `person_team` (`person_id`,`team_id`) VALUES (4,8);
INSERT INTO `person_team` (`person_id`,`team_id`) VALUES (5,8);
INSERT INTO `person_team` (`person_id`,`team_id`) VALUES (6,8);
INSERT INTO `person_team` (`person_id`,`team_id`) VALUES (7,8);
INSERT INTO `person_team` (`person_id`,`team_id`) VALUES (8,8);
INSERT INTO `person_team` (`person_id`,`team_id`) VALUES (9,8);
INSERT INTO `person_team` (`person_id`,`team_id`) VALUES (10,8);
INSERT INTO `person_team` (`person_id`,`team_id`) VALUES (11,8);
INSERT INTO `person_team` (`person_id`,`team_id`) VALUES (12,8);
INSERT INTO `person_team` (`person_id`,`team_id`) VALUES (13,1);
INSERT INTO `person_team` (`person_id`,`team_id`) VALUES (13,2);
INSERT INTO `person_team` (`person_id`,`team_id`) VALUES (14,1);
INSERT INTO `person_team` (`person_id`,`team_id`) VALUES (14,2);
INSERT INTO `person_team` (`person_id`,`team_id`) VALUES (15,4);
INSERT INTO `person_team` (`person_id`,`team_id`) VALUES (15,6);
INSERT INTO `person_team` (`person_id`,`team_id`) VALUES (16,4);
INSERT INTO `person_team` (`person_id`,`team_id`) VALUES (16,5);
INSERT INTO `person_team` (`person_id`,`team_id`) VALUES (16,6);
INSERT INTO `person_team` (`person_id`,`team_id`) VALUES (17,1);
INSERT INTO `person_team` (`person_id`,`team_id`) VALUES (17,3);
INSERT INTO `person_team` (`person_id`,`team_id`) VALUES (18,5);
INSERT INTO `person_team` (`person_id`,`team_id`) VALUES (18,6);
INSERT INTO `person_team` (`person_id`,`team_id`) VALUES (19,1);
INSERT INTO `person_team` (`person_id`,`team_id`) VALUES (19,4);
INSERT INTO `person_team` (`person_id`,`team_id`) VALUES (20,1);
INSERT INTO `person_team` (`person_id`,`team_id`) VALUES (20,4);
INSERT INTO `person_team` (`person_id`,`team_id`) VALUES (21,3);
INSERT INTO `person_team` (`person_id`,`team_id`) VALUES (21,6);
INSERT INTO `person_team` (`person_id`,`team_id`) VALUES (22,5);
INSERT INTO `person_team` (`person_id`,`team_id`) VALUES (22,6);